record_id,ho_ten,so_dien_thoai,email,dia_chi,ngay_tao
1,Phan Hữu Bình,0763247885,binh72@yahoo.com,"252 Điện Biên Phủ, TP. Thủ Đức",2024-05-26
2,Đỗ Đức Tâm,0760.833.592,,"203 Nguyễn Trãi, Cầu Giấy",2025-01-13
3,Đặng Văn Ngân,0838.851.552,,"287 Nguyễn Trãi, Thốt Nốt",2024-04-14
4,dương quang trung,,,"22 Trần Hưng Đạo, Đống Đa",2025-02-17
5,Ngô Gia Vinh,0844524745,,"48 Điện Biên Phủ, TP. Thủ Đức",2024-09-09
6,Hoang Kim Ha,0833869979,,"261 3 Tháng 2, TP. Thủ Đức",2026-03-18
7,Hồ Bảo Ngân,0388749727,,"71 Lê Lợi, Quận 7",2025-05-21
8,Huỳnh Tuấn Linh,0348276593,linh382@yahoo.com,"235 Cách Mạng Tháng 8, Phong Điền",2025-04-18
9,Trần Kim Linh,0793 619 834,,"173 Hai Bà Trưng, Quận Bình Thạnh",2026-04-11
10,Đỗ Thị Phương,0850634664,,"112 Nguyễn Trãi, Quận Bình Thạnh",2025-05-04
11,Vũ Hoài Yến,,,"252 Cách Mạng Tháng 8, Quận Bình Thạnh",2025-05-24
12,Đặng Xuân Mỹ,0834907758,,"106 Nguyễn Trãi, Bình Thủy",2026-06-17
13,Phan Bảo Hải,,,"111 Điện Biên Phủ, Quận Bình Thạnh",2025-10-30
14,Hoàng Đức Phúc,0974982447,phuc32@gmail.com,"262 Nguyễn Trãi, Cái Răng",2025-12-14
15,Dương Tuấn Hoa,0334084982,hoa644@outlook.com,"19 Điện Biên Phủ, Cái Răng",2024-10-10
16,Hồ Bảo Quân,0343003442,quan123@yahoo.com,"38 Nguyễn Trãi, Đống Đa",2024-03-13
17,Le Van Trung,+84899260912,trung448@yahoo.com,"194 Điện Biên Phủ, Phong Điền",2025-10-27
18,Vũ Văn Trang,0987 359 220,,"95 Nguyễn Trãi, Quận 10",2026-07-09
19,Huỳnh Thanh Nga,0857890613,nga842@yahoo.com,"6 Cách Mạng Tháng 8, Hai Bà Trưng",2026-06-26
20,Hoàng Gia Hà,0829.463.021,ha267@gmail.com,"84 Nguyễn Trãi, Quận 5",2025-02-13
21,Võ Xuân Cường,0962740582,cuong658@outlook.com,"30 Cách Mạng Tháng 8, Quận 11",2024-05-12
22,Trần Minh Phúc,0821307109,,"299 Hai Bà Trưng, Quận Bình Thạnh",2024-01-23
23,Phan Văn Vinh,0788 687 492,,"207 Hai Bà Trưng, Phong Điền",2024-09-13
24,Đặng Minh Thảo,0976 171 437,thao552@gmail.com,"2 Điện Biên Phủ, Cầu Giấy",2024-07-12
25,lý thanh trang,,trang797@outlook.com,"64 Cách Mạng Tháng 8, Ô Môn",2025-12-23
26,Võ Quang Đạt,0344582738,dat341@outlook.com,"10 Hai Bà Trưng, Quận 7",2024-01-26
27,TRẦN NGỌC TUYẾT,84960420884,tuyet923@outlook.com,"237 Cách Mạng Tháng 8, Quận Bình Tân",2025-05-24
28,Trần Hoài Vy,0865338411,vy257@yahoo.com,"272 Trần Hưng Đạo, Quận 11",2024-08-30
29,Trần Hoài Khoa,84847239628,,"242 Cách Mạng Tháng 8, Quận Tân Phú",2024-04-30
30,Dương Tuấn Khoa,0334530335,khoa120@outlook.com,"13 Hai Bà Trưng, Cầu Giấy",2024-01-19
31,Dương Hữu An,84865056215,an268@yahoo.com,,2024-08-23
32,Đỗ Gia Hà,0934532947,,"148 Điện Biên Phủ, Ô Môn",2024-01-29
33,Ngô Văn Khánh,0784429376,,"56 3 Tháng 2, Ninh Kiều",2026-05-14
34,Vũ Hữu Lan,0355 351 927,lan301@gmail.com,"71 Nguyễn Trãi, Ninh Kiều",2024-10-18
35,Bùi Tuấn Trung,0892 108 536,,,2024-07-21
36,Đặng Văn Quyên,0762500685,quyen70@yahoo.com,"81 Điện Biên Phủ, Quận 1",2026-02-05
37,Lý Đức Oanh,0334610369,oanh232@gmail.com,"217 Hai Bà Trưng, Quận Bình Thạnh",2026-02-28
38,đặng bảo dung,0797012565,,"265 Điện Biên Phủ, Quận Bình Tân",2025-04-15
39,Lý Hoài Hạnh,0841815292,,"297 Hai Bà Trưng, Ô Môn",2025-12-01
40,Hoàng Hữu Phương,0981546789,phuong938@yahoo.com,"264 Điện Biên Phủ, Quận 12",2025-03-04
41,Hồ Hữu Nhung,84791680521,,"273 3 Tháng 2, Thốt Nốt",2024-08-21
42,Dương Đức Mỹ,0935944660,my312@yahoo.com,"111 Lê Lợi, Quận Tân Phú",2026-02-08
43,Phạm Kim Đạt,0906731113,dat624@outlook.com,"72 Cách Mạng Tháng 8, Quận 10",2024-10-23
44,Đặng Kim Bình,0342755031,binh317@yahoo.com,"20 Trần Hưng Đạo, Quận Gò Vấp",2024-08-26
45,Trần Quang An,,,"261 Trần Hưng Đạo, Bình Thủy",2026-05-31
46,Dương Thanh Khoa,0905113411,,"184 Điện Biên Phủ, Hoàn Kiếm",2026-06-05
47,Dương Tuấn Như,0822804008,nhu327@outlook.com,"145 Cách Mạng Tháng 8, Ô Môn",2026-03-20
48,Ngô Hữu Khoa,0846140762,khoa427@yahoo.com,"103 Trần Hưng Đạo, Quận Bình Tân",2025-09-09
49,Phạm Bảo Lan,84833352171,,"264 Trần Hưng Đạo, Bình Thủy",2024-07-30
50,Huỳnh Hoài Quân,84344592485,quan160@outlook.com,"130 Điện Biên Phủ, Quận 3",2024-10-22
51,Hồ Bảo Quân,84843066133,quan640@outlook.com,"187 Trần Hưng Đạo, Quận Bình Tân",2025-04-16
52,Ngô Anh Duy,0377592019,duy280@yahoo.com,"43 Trần Hưng Đạo, Quận Bình Tân",2026-03-21
53,Ngô Đức Nhung,0792 847 386,,"115 Cách Mạng Tháng 8, Quận Tân Bình",2024-05-27
54,Phạm Đức Long,0391666086,long409@gmail.com,"250 Hai Bà Trưng, Quận Bình Tân",2024-04-08
55,Phan Ngọc Dung,0843611334,,"151 Trần Hưng Đạo, Thốt Nốt",2024-08-17
56,Lê Văn Tú,84367792951,tu863@outlook.com,,2025-06-13
57,Phạm Thị Như,0340037793,,"195 Cách Mạng Tháng 8, Quận Bình Tân",2026-03-21
58,Trần Ngọc Đạt,+84372379575,,"174 3 Tháng 2, Quận Gò Vấp",2025-04-17
59,BÙI ĐỨC THẮNG,+84708422798,thang846@yahoo.com,"124 Điện Biên Phủ, Quận 7",2025-11-28
60,Phạm Tuấn Thu,0331232858,,"190 Lê Lợi, Thốt Nốt",2026-05-20
61,Võ Minh Tuyết,0841 797 911,,"146 Hai Bà Trưng, Quận Gò Vấp",2024-05-28
62,Trần Thanh Thảo,+84326394713,,"271 Điện Biên Phủ, Quận Tân Phú",2025-07-05
63,Hoàng Anh Như,+84370232366,nhu691@outlook.com,"86 3 Tháng 2, Quận Phú Nhuận",2024-08-08
64,LÊ NGỌC NAM,0966957375,,"150 Trần Hưng Đạo, Ô Môn",2024-10-23
65,Lê Hữu Hoa,0376560244,hoa28@outlook.com,,2024-09-05
66,Đặng Kim Dung,0392430768,dung135@yahoo.com,"193 Cách Mạng Tháng 8, Quận 1",2025-02-09
67,Đỗ Thanh Nhung,0866601581,nhung235@yahoo.com,"57 Lê Lợi, Ninh Kiều",2024-11-14
68,Huỳnh Ngọc Sơn,0867 444 601,,"75 3 Tháng 2, Ô Môn",2024-07-29
69,Võ Thanh Phong,+84978169953,phong127@outlook.com,"129 Cách Mạng Tháng 8, Quận Bình Thạnh",2025-08-08
70,Huỳnh Thị Oanh,0354928119,oanh706@yahoo.com,"108 Lê Lợi, Quận Phú Nhuận",2026-06-25
71,Hoàng Minh Bình,0373732111,,"73 Nguyễn Trãi, Hoàn Kiếm",2024-02-02
72,Phan Kim Bình,84788893429,,"25 Cách Mạng Tháng 8, TP. Thủ Đức",2024-08-16
73,đỗ xuân mỹ,0784008384,my319@yahoo.com,,2025-10-07
74,Phạm Xuân Nhung,0910230590,,,2025-06-08
75,Đỗ Thị Tú,0768755789,,"215 Hai Bà Trưng, Cầu Giấy",2026-04-25
76,Đỗ Bảo Phương,0977345964,phuong846@outlook.com,"180 Lê Lợi, Quận 7",2026-04-19
77,Trần Quang Khoa,0792386700,,,2026-04-26
78,Võ Thanh Khánh,0395 593 521,khanh45@yahoo.com,"216 Cách Mạng Tháng 8, Cầu Giấy",2024-05-06
79,Đỗ Gia Đạt,+84359366048,dat364@yahoo.com,"20 Lê Lợi, Quận Tân Bình",2026-03-27
80,Vu Hoai Ha,+84341570606,ha432@gmail.com,"129 Cách Mạng Tháng 8, Quận Gò Vấp",2025-07-22
81,VÕ HOÀI LONG,0880044163,,"4 Trần Hưng Đạo, Thốt Nốt",2026-02-17
82,Lê Thanh Giang,+84889704689,giang685@yahoo.com,"183 Cách Mạng Tháng 8, Cái Răng",2024-06-04
83,Vũ Hữu Long,0358751106,long936@gmail.com,"138 Điện Biên Phủ, Quận Bình Thạnh",2024-09-24
84,HOÀNG XUÂN LONG,0917298083,long449@yahoo.com,"34 Hai Bà Trưng, Ô Môn",2024-07-30
85,Hồ Xuân Hoa,84391393051,,"126 3 Tháng 2, Quận Tân Phú",2026-01-28
86,Hồ Bảo Linh,0397016394,,"70 Trần Hưng Đạo, Ninh Kiều",2025-04-04
87,Đỗ Ngọc Tú,0815687437,tu389@gmail.com,"107 Điện Biên Phủ, Quận 12",2025-07-06
88,Lý Văn Tuyết,0773985013,tuyet429@gmail.com,"178 Điện Biên Phủ, Thốt Nốt",2025-03-14
89,Phan Quang Nam,0974 799 148,nam720@gmail.com,"120 Lê Lợi, Thốt Nốt",2026-01-04
90,Hoàng Bảo Thu,0938263326,,"201 Trần Hưng Đạo, Quận 11",2024-09-24
91,Ngô Quang Hiếu,0848812309,hieu528@gmail.com,"164 Hai Bà Trưng, Đống Đa",2025-03-17
92,Hoàng Đức Lâm,0931358428,lam486@gmail.com,"203 Nguyễn Trãi, Đống Đa",2025-09-21
93,Hồ Hữu Mỹ,0845323932,my721@yahoo.com,"10 Nguyễn Trãi, Bình Thủy",2025-01-11
94,NGÔ VĂN HOA,0374133841,hoa283@yahoo.com,"40 Nguyễn Trãi, Quận 11",2024-03-09
95,Vũ Hoài Tâm,0816055831,,"81 Nguyễn Trãi, Cầu Giấy",2025-05-29
96,Phan Anh Mỹ,0899007611,,"40 Cách Mạng Tháng 8, Quận Bình Tân",2024-11-21
97,Lý Anh Huy,0794929515,huy20@outlook.com,"203 Trần Hưng Đạo, Quận Bình Tân",2026-06-19
98,Bùi Văn Linh,0787865549,linh488@yahoo.com,"250 Cách Mạng Tháng 8, Ninh Kiều",2025-06-06
99,Đỗ Xuân Khoa,0835113231,khoa108@gmail.com,"104 Trần Hưng Đạo, Bình Thủy",2024-08-19
100,Lý Ngọc Dung,0793700923,,"241 Lê Lợi, Quận 5",2024-09-15
